Afghanistan,China
Afghanistan,Iran
Afghanistan,Pakistan
Afghanistan,Tajikistan
Afghanistan,Turkmenistan
Afghanistan,Uzbekistan
Angola,Democratic Republic of the Congo
Angola,Republic of Congo
Angola,Namibia
Angola,Zambia
Albania,Greece
Albania,Kosovo
Albania,Macedonia
Albania,Montenegro
United Arab Emirates,Oman
United Arab Emirates,Saudi Arabia
Argentina,Bolivia
Argentina,Brazil
Argentina,Chile
Argentina,Paraguay
Argentina,Uruguay
Armenia,Azerbaijan
Armenia,Georgia
Armenia,Iran
Armenia,Turkey
Austria,Switzerland
Austria,Czech Republic
Austria,Germany
Austria,Hungary
Austria,Italy
Austria,Slovakia
Austria,Slovenia
Azerbaijan,Armenia
Azerbaijan,Georgia
Azerbaijan,Iran
Azerbaijan,Russia
Azerbaijan,Turkey
Burundi,Democratic Republic of the Congo
Burundi,Rwanda
Burundi,United Republic of Tanzania
Belgium,Germany
Belgium,France
Belgium,Luxembourg
Belgium,Netherlands
Benin,Burkina Faso
Benin,Niger
Benin,Nigeria
Benin,Togo
Burkina Faso,Benin
Burkina Faso,Ivory Coast
Burkina Faso,Ghana
Burkina Faso,Mali
Burkina Faso,Niger
Burkina Faso,Togo
Bangladesh,India
Bangladesh,Myanmar
Bulgaria,Greece
Bulgaria,Macedonia
Bulgaria,Romania
Bulgaria,Republic of Serbia
Bulgaria,Turkey
Bosnia and Herzegovina,Croatia
Bosnia and Herzegovina,Montenegro
Bosnia and Herzegovina,Republic of Serbia
Belarus,Lithuania
Belarus,Latvia
Belarus,Poland
Belarus,Russia
Belarus,Ukraine
Belize,Guatemala
Belize,Mexico
Bolivia,Argentina
Bolivia,Brazil
Bolivia,Chile
Bolivia,Peru
Bolivia,Paraguay
Brazil,Argentina
Brazil,Bolivia
Brazil,Colombia
Brazil,France
Brazil,Guyana
Brazil,Peru
Brazil,Paraguay
Brazil,Suriname
Brazil,Uruguay
Brazil,Venezuela
Brunei,Malaysia
Bhutan,China
Bhutan,India
Botswana,Namibia
Botswana,South Africa
Botswana,Zambia
Botswana,Zimbabwe
Central African Republic,Cameroon
Central African Republic,Democratic Republic of the Congo
Central African Republic,Republic of Congo
Central African Republic,Sudan
Central African Republic,Chad
Canada,United States of America
Switzerland,Austria
Switzerland,Germany
Switzerland,France
Switzerland,Italy
Chile,Argentina
Chile,Bolivia
Chile,Peru
China,Afghanistan
China,Bhutan
China,India
China,Kazakhstan
China,Kyrgyzstan
China,Laos
China,Myanmar
China,Mongolia
China,Nepal
China,Pakistan
China,North Korea
China,Russia
China,Tajikistan
China,Vietnam
Ivory Coast,Burkina Faso
Ivory Coast,Ghana
Ivory Coast,Guinea
Ivory Coast,Liberia
Ivory Coast,Mali
Cameroon,Central African Republic
Cameroon,Republic of Congo
Cameroon,Gabon
Cameroon,Equatorial Guinea
Cameroon,Niger
Cameroon,Nigeria
Cameroon,Chad
Democratic Republic of the Congo,Angola
Democratic Republic of the Congo,Burundi
Democratic Republic of the Congo,Central African Republic
Democratic Republic of the Congo,Republic of Congo
Democratic Republic of the Congo,Rwanda
Democratic Republic of the Congo,South Sudan
Democratic Republic of the Congo,United Republic of Tanzania
Democratic Republic of the Congo,Uganda
Democratic Republic of the Congo,Zambia
Republic of Congo,Angola
Republic of Congo,Central African Republic
Republic of Congo,Cameroon
Republic of Congo,Democratic Republic of the Congo
Republic of Congo,Gabon
Colombia,Brazil
Colombia,Ecuador
Colombia,Panama
Colombia,Peru
Colombia,Venezuela
Costa Rica,Nicaragua
Costa Rica,Panama
Northern Cyprus,Cyprus
Cyprus,Northern Cyprus
Czech Republic,Austria
Czech Republic,Germany
Czech Republic,Poland
Czech Republic,Slovakia
Germany,Austria
Germany,Belgium
Germany,Switzerland
Germany,Czech Republic
Germany,Denmark
Germany,France
Germany,Luxembourg
Germany,Netherlands
Germany,Poland
Djibouti,Eritrea
Djibouti,Ethiopia
Djibouti,Somaliland
Denmark,Germany
Dominican Republic,Haiti
Algeria,Libya
Algeria,Morocco
Algeria,Mali
Algeria,Mauritania
Algeria,Niger
Algeria,Western Sahara
Algeria,Tunisia
Ecuador,Colombia
Ecuador,Peru
Egypt,Israel
Egypt,Libya
Egypt,Sudan
Eritrea,Djibouti
Eritrea,Ethiopia
Eritrea,Sudan
Spain,France
Spain,Portugal
Estonia,Latvia
Estonia,Russia
Ethiopia,Djibouti
Ethiopia,Eritrea
Ethiopia,Kenya
Ethiopia,Sudan
Ethiopia,South Sudan
Ethiopia,Somaliland
Ethiopia,Somalia
Finland,Norway
Finland,Russia
Finland,Sweden
France,Belgium
France,Brazil
France,Switzerland
France,Germany
France,Spain
France,Italy
France,Luxembourg
France,Suriname
Gabon,Cameroon
Gabon,Republic of Congo
Gabon,Equatorial Guinea
United Kingdom,Ireland
United Kingdom,Spain
Spain,United Kingdom
Georgia,Armenia
Georgia,Azerbaijan
Georgia,Russia
Georgia,Turkey
Ghana,Burkina Faso
Ghana,Ivory Coast
Ghana,Togo
Guinea,Ivory Coast
Guinea,Guinea Bissau
Guinea,Liberia
Guinea,Mali
Guinea,Senegal
Guinea,Sierra Leone
Gambia,Senegal
Guinea Bissau,Guinea
Guinea Bissau,Senegal
Equatorial Guinea,Cameroon
Equatorial Guinea,Gabon
Greece,Albania
Greece,Bulgaria
Greece,Macedonia
Greece,Turkey
Guatemala,Belize
Guatemala,Honduras
Guatemala,Mexico
Guatemala,El Salvador
Guyana,Brazil
Guyana,Suriname
Guyana,Venezuela
Honduras,Guatemala
Honduras,Nicaragua
Honduras,El Salvador
Croatia,Bosnia and Herzegovina
Croatia,Hungary
Croatia,Montenegro
Croatia,Republic of Serbia
Croatia,Slovenia
Haiti,Dominican Republic
Hungary,Austria
Hungary,Croatia
Hungary,Romania
Hungary,Republic of Serbia
Hungary,Slovakia
Hungary,Slovenia
Hungary,Ukraine
Indonesia,Malaysia
Indonesia,Papua New Guinea
Indonesia,East Timor
India,Bangladesh
India,Bhutan
India,China
India,Myanmar
India,Nepal
India,Pakistan
Ireland,United Kingdom
Iran,Afghanistan
Iran,Armenia
Iran,Azerbaijan
Iran,Iraq
Iran,Pakistan
Iran,Turkmenistan
Iran,Turkey
Iraq,Iran
Iraq,Jordan
Iraq,Kuwait
Iraq,Saudi Arabia
Iraq,Syria
Iraq,Turkey
Israel,Egypt
Israel,Jordan
Israel,Lebanon
Israel,Palestine
Israel,Syria
Italy,Austria
Italy,Switzerland
Italy,France
Italy,Slovenia
Jordan,Iraq
Jordan,Israel
Jordan,Palestine
Jordan,Saudi Arabia
Jordan,Syria
Kazakhstan,China
Kazakhstan,Kyrgyzstan
Kazakhstan,Russia
Kazakhstan,Turkmenistan
Kazakhstan,Uzbekistan
Kenya,Ethiopia
Kenya,South Sudan
Kenya,Somalia
Kenya,United Republic of Tanzania
Kenya,Uganda
Kyrgyzstan,China
Kyrgyzstan,Kazakhstan
Kyrgyzstan,Tajikistan
Kyrgyzstan,Uzbekistan
Cambodia,Laos
Cambodia,Thailand
Cambodia,Vietnam
South Korea,North Korea
Kosovo,Albania
Kosovo,Macedonia
Kosovo,Montenegro
Kosovo,Republic of Serbia
Kuwait,Iraq
Kuwait,Saudi Arabia
Laos,China
Laos,Cambodia
Laos,Myanmar
Laos,Thailand
Laos,Vietnam
Lebanon,Israel
Lebanon,Syria
Liberia,Ivory Coast
Liberia,Guinea
Liberia,Sierra Leone
Libya,Algeria
Libya,Egypt
Libya,Niger
Libya,Sudan
Libya,Chad
Libya,Tunisia
Lesotho,South Africa
Lithuania,Belarus
Lithuania,Latvia
Lithuania,Poland
Lithuania,Russia
Luxembourg,Belgium
Luxembourg,Germany
Luxembourg,France
Latvia,Belarus
Latvia,Estonia
Latvia,Lithuania
Latvia,Russia
Morocco,Algeria
Morocco,Western Sahara
Moldova,Romania
Moldova,Ukraine
Mexico,Belize
Mexico,Guatemala
Mexico,United States of America
Macedonia,Albania
Macedonia,Bulgaria
Macedonia,Greece
Macedonia,Kosovo
Macedonia,Republic of Serbia
Mali,Burkina Faso
Mali,Ivory Coast
Mali,Algeria
Mali,Guinea
Mali,Mauritania
Mali,Niger
Mali,Senegal
Myanmar,Bangladesh
Myanmar,China
Myanmar,India
Myanmar,Laos
Myanmar,Thailand
Montenegro,Albania
Montenegro,Bosnia and Herzegovina
Montenegro,Croatia
Montenegro,Kosovo
Montenegro,Republic of Serbia
Mongolia,China
Mongolia,Russia
Mozambique,Malawi
Mozambique,Swaziland
Mozambique,United Republic of Tanzania
Mozambique,South Africa
Mozambique,Zambia
Mozambique,Zimbabwe
Mauritania,Algeria
Mauritania,Mali
Mauritania,Western Sahara
Mauritania,Senegal
Malawi,Mozambique
Malawi,United Republic of Tanzania
Malawi,Zambia
Malaysia,Brunei
Malaysia,Indonesia
Malaysia,Thailand
Namibia,Angola
Namibia,Botswana
Namibia,South Africa
Namibia,Zambia
Niger,Benin
Niger,Burkina Faso
Niger,Cameroon
Niger,Algeria
Niger,Libya
Niger,Mali
Niger,Nigeria
Niger,Chad
Nigeria,Benin
Nigeria,Cameroon
Nigeria,Niger
Nicaragua,Costa Rica
Nicaragua,Honduras
Netherlands,Belgium
Netherlands,Germany
Norway,Finland
Norway,Russia
Norway,Sweden
Nepal,China
Nepal,India
Oman,United Arab Emirates
Oman,Saudi Arabia
Oman,Yemen
Pakistan,Afghanistan
Pakistan,China
Pakistan,India
Pakistan,Iran
Panama,Colombia
Panama,Costa Rica
Peru,Bolivia
Peru,Brazil
Peru,Chile
Peru,Colombia
Peru,Ecuador
Papua New Guinea,Indonesia
Poland,Belarus
Poland,Czech Republic
Poland,Germany
Poland,Lithuania
Poland,Russia
Poland,Slovakia
Poland,Ukraine
North Korea,China
North Korea,South Korea
North Korea,Russia
Portugal,Spain
Paraguay,Argentina
Paraguay,Bolivia
Paraguay,Brazil
Palestine,Israel
Palestine,Jordan
Qatar,Saudi Arabia
Romania,Bulgaria
Romania,Hungary
Romania,Moldova
Romania,Republic of Serbia
Romania,Ukraine
Russia,Azerbaijan
Russia,Belarus
Russia,China
Russia,Estonia
Russia,Finland
Russia,Georgia
Russia,Kazakhstan
Russia,Lithuania
Russia,Latvia
Russia,Mongolia
Russia,Norway
Russia,Poland
Russia,North Korea
Russia,Ukraine
Rwanda,Burundi
Rwanda,Democratic Republic of the Congo
Rwanda,United Republic of Tanzania
Rwanda,Uganda
Western Sahara,Algeria
Western Sahara,Morocco
Western Sahara,Mauritania
Saudi Arabia,United Arab Emirates
Saudi Arabia,Iraq
Saudi Arabia,Jordan
Saudi Arabia,Kuwait
Saudi Arabia,Oman
Saudi Arabia,Qatar
Saudi Arabia,Yemen
Sudan,Central African Republic
Sudan,Egypt
Sudan,Eritrea
Sudan,Ethiopia
Sudan,Libya
Sudan,South Sudan
Sudan,Chad
South Sudan,Democratic Republic of the Congo
South Sudan,Ethiopia
South Sudan,Kenya
South Sudan,Sudan
South Sudan,Uganda
Senegal,Guinea
Senegal,Gambia
Senegal,Guinea Bissau
Senegal,Mali
Senegal,Mauritania
Sierra Leone,Guinea
Sierra Leone,Liberia
El Salvador,Guatemala
El Salvador,Honduras
Somaliland,Djibouti
Somaliland,Ethiopia
Somaliland,Somalia
Somalia,Ethiopia
Somalia,Kenya
Somalia,Somaliland
Republic of Serbia,Bulgaria
Republic of Serbia,Bosnia and Herzegovina
Republic of Serbia,Croatia
Republic of Serbia,Hungary
Republic of Serbia,Kosovo
Republic of Serbia,Macedonia
Republic of Serbia,Montenegro
Republic of Serbia,Romania
Suriname,Brazil
Suriname,France
Suriname,Guyana
Slovakia,Austria
Slovakia,Czech Republic
Slovakia,Hungary
Slovakia,Poland
Slovakia,Ukraine
Slovenia,Austria
Slovenia,Croatia
Slovenia,Hungary
Slovenia,Italy
Sweden,Finland
Sweden,Norway
Swaziland,Mozambique
Swaziland,South Africa
Syria,Iraq
Syria,Israel
Syria,Jordan
Syria,Lebanon
Syria,Turkey
Chad,Central African Republic
Chad,Cameroon
Chad,Libya
Chad,Niger
Chad,Sudan
Togo,Benin
Togo,Burkina Faso
Togo,Ghana
Thailand,Cambodia
Thailand,Laos
Thailand,Myanmar
Thailand,Malaysia
Tajikistan,Afghanistan
Tajikistan,China
Tajikistan,Kyrgyzstan
Tajikistan,Uzbekistan
Turkmenistan,Afghanistan
Turkmenistan,Iran
Turkmenistan,Kazakhstan
Turkmenistan,Uzbekistan
East Timor,Indonesia
Tunisia,Algeria
Tunisia,Libya
Turkey,Armenia
Turkey,Azerbaijan
Turkey,Bulgaria
Turkey,Georgia
Turkey,Greece
Turkey,Iran
Turkey,Iraq
Turkey,Syria
United Republic of Tanzania,Burundi
United Republic of Tanzania,Democratic Republic of the Congo
United Republic of Tanzania,Kenya
United Republic of Tanzania,Mozambique
United Republic of Tanzania,Malawi
United Republic of Tanzania,Rwanda
United Republic of Tanzania,Uganda
United Republic of Tanzania,Zambia
Uganda,Democratic Republic of the Congo
Uganda,Kenya
Uganda,Rwanda
Uganda,South Sudan
Uganda,United Republic of Tanzania
Ukraine,Belarus
Ukraine,Hungary
Ukraine,Moldova
Ukraine,Poland
Ukraine,Romania
Ukraine,Russia
Ukraine,Slovakia
Uruguay,Argentina
Uruguay,Brazil
United States of America,Canada
United States of America,Mexico
Uzbekistan,Afghanistan
Uzbekistan,Kazakhstan
Uzbekistan,Kyrgyzstan
Uzbekistan,Tajikistan
Uzbekistan,Turkmenistan
Venezuela,Brazil
Venezuela,Colombia
Venezuela,Guyana
Vietnam,China
Vietnam,Cambodia
Vietnam,Laos
Yemen,Oman
Yemen,Saudi Arabia
South Africa,Botswana
South Africa,Lesotho
South Africa,Mozambique
South Africa,Namibia
South Africa,Swaziland
South Africa,Zimbabwe
Zambia,Angola
Zambia,Botswana
Zambia,Democratic Republic of the Congo
Zambia,Mozambique
Zambia,Malawi
Zambia,Namibia
Zambia,United Republic of Tanzania
Zambia,Zimbabwe
Zimbabwe,Botswana
Zimbabwe,Mozambique
Zimbabwe,South Africa
Zimbabwe,Zambia
